index,init_x,init_y,init_z,target_x,target_y,target_z,init_distance,target_width_diameter,target_accuracy,movement_time,episode_successful,dist_to_target
0,0.549548815,0.115504995,0.037300622,0.55,0.117633558,0.039323725,0.002971077,0.01,0.364485076,0.01,TRUE,0.00317757
1,0.549051271,0.11542248,0.037248146,0.55,0.127925469,0.072594689,0.037504705,0.01,0,0.11,TRUE,0.01904647
2,0.547477302,0.126842131,0.053747136,0.55,0.129993297,0.098414656,0.04484954,0.01,0,0.08,TRUE,0.0239384
3,0.547844862,0.135280698,0.075167166,0.55,0.128625914,0.122438393,0.047785977,0.01,0,0.08,TRUE,0.02392881
4,0.548448953,0.135768674,0.099653237,0.55,0.12434936,0.143811289,0.045637046,0.01,0,0.09,TRUE,0.01948878
5,0.549938829,0.131945401,0.125863898,0.55,0.116888374,0.161987035,0.039135647,0.01,0,0.09,TRUE,0.01523579
6,0.55147365,0.124812184,0.149057582,0.55,0.107152988,0.172836923,0.029655959,0.01,0,0.09,TRUE,0.01158007
7,0.553106103,0.114980327,0.164888161,0.55,0.0968911,0.174596194,0.020763282,0.01,0,0.09,TRUE,0.00987413
8,0.553889226,0.10589826,0.173481138,0.55,0.087502665,0.168182504,0.019534572,0.01,0,0.08,TRUE,0.01054713
9,0.552555652,0.096011078,0.173867351,0.55,0.079190074,0.15402239,0.026140008,0.01,0,0.06,TRUE,0.01375634
10,0.551512687,0.087863972,0.164591789,0.55,0.072994558,0.132663636,0.035253293,0.01,0,0.08,TRUE,0.01769557
11,0.552741534,0.080748599,0.148331821,0.55,0.070127673,0.106911975,0.04284768,0.01,0,0.09,TRUE,0.0207469
12,0.552240245,0.075744402,0.126758067,0.55,0.070972104,0.081062395,0.045998782,0.01,0,0.09,TRUE,0.02212564
13,0.552128654,0.073086938,0.102983623,0.55,0.075036183,0.058406141,0.044670826,0.01,0,0.08,TRUE,0.02160282
14,0.550685118,0.072396445,0.079836121,0.55,0.081410673,0.04113379,0.039744133,0.01,0,0.08,TRUE,0.01636006
15,0.548891023,0.076635778,0.056742191,0.55,0.090484043,0.028873064,0.031139885,0.01,0,0.08,TRUE,0.01157658
16,0.549326181,0.08487192,0.038975902,0.55,0.100950053,0.025037618,0.021289344,0.01,0,0.07,TRUE,0.00896304
17,0.550575064,0.092783284,0.028685814,0.55,0.110601872,0.029839456,0.017865152,0.01,0,0.06,TRUE,0.00940319
18,0.548256615,0.102534279,0.025334513,0.55,0.119631075,0.043286856,0.024852091,0.01,0,0.07,TRUE,0.01539638
19,0.546524408,0.113916714,0.029419096,0.55,0.125847988,0.061930861,0.034805889,0.01,0,0.08,TRUE,0.01875728
20,0.545957882,0.124238697,0.043685122,0.55,0.129462866,0.085871236,0.042700105,0.01,0,0.08,TRUE,0.02119065
21,0.546799044,0.131031753,0.064982577,0.55,0.129636614,0.111638057,0.046785963,0.01,0,0.08,TRUE,0.02374013
22,0.547132681,0.135635703,0.088848075,0.55,0.126557748,0.134882482,0.047008482,0.01,0,0.08,TRUE,0.02351123
23,0.549340958,0.135948597,0.113338211,0.55,0.120878206,0.15385748,0.043236122,0.01,0,0.12,TRUE,0.01926866
24,0.552012997,0.130620623,0.137355527,0.55,0.112669548,0.167983571,0.035557986,0.01,0,0.14,TRUE,0.01575476
25,0.555956566,0.121216072,0.156164568,0.55,0.10317449,0.174578927,0.026458797,0.01,0,0.21,TRUE,0.01064604
26,0.55203729,0.111383374,0.168113498,0.55,0.093579428,0.173262211,0.018645114,0.01,0,0.17,TRUE,0.00890407
27,0.548087911,0.101326541,0.169311442,0.55,0.08439359,0.164052711,0.017833541,0.01,0,0.07,TRUE,0.01238827
28,0.549045983,0.096573931,0.166101694,0.55,0.076754176,0.147409894,0.027260158,0.01,0,0.06,TRUE,0.01801134
29,0.55004673,0.090830548,0.158646523,0.55,0.072030122,0.127120786,0.036705999,0.01,0,0.07,TRUE,0.01959097
30,0.549950729,0.082689176,0.143558191,0.55,0.070008954,0.101832323,0.043610074,0.01,0,0.09,TRUE,0.02086628
31,0.549114884,0.076188829,0.121742804,0.55,0.071578014,0.075996003,0.045987094,0.01,0,0.1,TRUE,0.02084469
32,0.548982263,0.073697695,0.096707644,0.55,0.076543313,0.053243729,0.043568856,0.01,0,0.09,TRUE,0.01955959
33,0.551007234,0.073702732,0.072569723,0.55,0.08395142,0.036633847,0.037382313,0.01,0,0.09,TRUE,0.01484552
34,0.550418575,0.079515649,0.050795001,0.55,0.093607022,0.026722709,0.027896546,0.01,0,0.08,TRUE,0.01189878
35,0.549553688,0.085885757,0.035765043,0.55,0.103078816,0.025396008,0.020082763,0.01,0,0.07,TRUE,0.00894319
36,0.548578633,0.09441742,0.027110828,0.55,0.112510616,0.03183272,0.018753141,0.01,0,0.07,TRUE,0.01060908
37,0.547641892,0.104422151,0.02538535,0.55,0.120918701,0.046240817,0.026695455,0.01,0,0.08,TRUE,0.01433397
38,0.546764607,0.115177113,0.033511757,0.55,0.127090792,0.067781119,0.036425165,0.01,0,0.09,TRUE,0.0180729
39,0.547291801,0.125062391,0.05002778,0.55,0.129888793,0.093548222,0.043870917,0.01,0,0.08,TRUE,0.02154361
40,0.546578052,0.131748516,0.072359572,0.55,0.128997649,0.119225045,0.047070687,0.01,0,0.08,TRUE,0.02393876
41,0.545917681,0.134539684,0.09629723,0.55,0.125092124,0.141108493,0.045977941,0.01,0,0.1,TRUE,0.0221924
42,0.548710328,0.135858468,0.121745511,0.55,0.118386592,0.159262827,0.041406265,0.01,0,0.13,TRUE,0.01982369
43,0.556346346,0.129545393,0.144157077,0.55,0.109870757,0.170824085,0.033741618,0.01,0,0.14,TRUE,0.01473735
44,0.555382705,0.118077135,0.159829929,0.55,0.100564726,0.174986711,0.023777847,0.01,0,0.28,TRUE,0.01025172
45,0.546699722,0.108922376,0.17005157,0.55,0.091166106,0.171674713,0.018133162,0.01,0,0.18,TRUE,0.00887045
46,0.546620074,0.098878291,0.168884879,0.55,0.080621646,0.157253787,0.02190916,0.01,0,0.06,TRUE,0.01427542
47,0.54706794,0.090989442,0.166618582,0.55,0.074328393,0.138807908,0.032551822,0.01,0,0.07,TRUE,0.0181639
48,0.550335214,0.083804933,0.154300166,0.55,0.070687629,0.115965764,0.040517927,0.01,0,0.09,TRUE,0.02042788
49,0.551250586,0.076999866,0.135353643,0.55,0.070239605,0.090539916,0.045338011,0.01,0,0.09,TRUE,0.02276295
50,0.549597478,0.072746492,0.113160827,0.55,0.072982763,0.067397384,0.045765823,0.01,0,0.08,TRUE,0.02253462
51,0.549750946,0.073160059,0.089929934,0.55,0.078361166,0.04805286,0.04219956,0.01,0,0.09,TRUE,0.01879511
52,0.550735162,0.077082919,0.066790033,0.55,0.086355903,0.033205604,0.034848852,0.01,0,0.09,TRUE,0.01389314
53,0.550403701,0.0803536,0.045728736,0.55,0.096228936,0.025594898,0.025642946,0.01,0,0.08,TRUE,0.01070762
54,0.54824457,0.087467649,0.031495023,0.55,0.106075232,0.02655395,0.019332301,0.01,0,0.08,TRUE,0.00889126
55,0.547981594,0.097496937,0.025373557,0.55,0.1155278,0.035827993,0.020939943,0.01,0,0.07,TRUE,0.01184582
56,0.547610227,0.107500682,0.02745078,0.55,0.123162152,0.052334845,0.029499311,0.01,0,0.08,TRUE,0.0156003
57,0.546753142,0.11928765,0.03757627,0.55,0.128398366,0.075821908,0.039449664,0.01,0,0.08,TRUE,0.02019882
58,0.54675326,0.128587336,0.055886632,0.55,0.129995209,0.101340325,0.045591245,0.01,0,0.08,TRUE,0.02305139
59,0.545590558,0.133793019,0.079035615,0.55,0.128152841,0.125910606,0.047418557,0.01,0,0.09,TRUE,0.02364188
60,0.547479795,0.134065393,0.103159144,0.55,0.123522993,0.146547609,0.044721947,0.01,0,0.11,TRUE,0.02089109
61,0.551040532,0.133859664,0.128422815,0.55,0.116119568,0.163253436,0.039101993,0.01,0,0.14,TRUE,0.01810426
62,0.555078033,0.127056216,0.149749085,0.55,0.107182347,0.172818863,0.030870241,0.01,0,0.18,TRUE,0.01241242
63,0.552353012,0.115679551,0.16408221,0.55,0.097576001,0.174754775,0.021146604,0.01,0,0.21,TRUE,0.00872126
64,0.547557547,0.104784935,0.170497301,0.55,0.087860758,0.168585658,0.017206037,0.01,0,0.13,TRUE,0.01101746
65,0.54808625,0.0985449,0.166695924,0.55,0.079251714,0.154170369,0.023082006,0.01,0,0.08,TRUE,0.01700222
66,0.547239682,0.094709435,0.160690713,0.55,0.073413139,0.134743599,0.033680919,0.01,0,0.07,TRUE,0.02031441
67,0.549540442,0.087977978,0.148897378,0.55,0.070330692,0.111105222,0.041711928,0.01,0,0.08,TRUE,0.02286392
68,0.549189726,0.078886891,0.132292332,0.55,0.070413564,0.087589613,0.045505899,0.01,0,0.09,TRUE,0.0216581
69,0.550383041,0.072085449,0.109179691,0.55,0.073735607,0.06375589,0.045455378,0.01,0,0.09,TRUE,0.02036993
70,0.549653436,0.071655632,0.08401639,0.55,0.080070776,0.043940543,0.040951291,0.01,0,0.09,TRUE,0.01720219
71,0.55038247,0.076118618,0.060678213,0.55,0.088748378,0.030474779,0.032739954,0.01,0,0.08,TRUE,0.01308788
72,0.550446312,0.082357315,0.041887388,0.55,0.098658386,0.025075035,0.02342177,0.01,0,0.08,TRUE,0.00843019
73,0.549803522,0.091436618,0.02941963,0.55,0.109333206,0.02872188,0.017911262,0.01,0,0.07,TRUE,0.00997082
74,0.549002763,0.100084641,0.02513205,0.55,0.117702722,0.039449729,0.022724155,0.01,0,0.07,TRUE,0.01263096
75,0.546827604,0.110808357,0.029352958,0.55,0.124995313,0.05852453,0.032593165,0.01,0,0.08,TRUE,0.0167909
76,0.546661753,0.121839191,0.042374323,0.55,0.129227839,0.083093379,0.0415184,0.01,0,0.08,TRUE,0.02134242
77,0.547137511,0.129645104,0.061947907,0.55,0.129822306,0.10815095,0.046291969,0.01,0,0.08,TRUE,0.02355134
78,0.546498684,0.136188124,0.085748212,0.55,0.12709237,0.132210586,0.047473615,0.01,0,0.09,TRUE,0.02264829
79,0.548371956,0.135128094,0.111098467,0.55,0.121483282,0.152349105,0.043479265,0.01,0,0.11,TRUE,0.01937494
80,0.549773905,0.129999587,0.13494767,0.55,0.113532368,0.166936304,0.035979065,0.01,0,0.15,TRUE,0.01687142
81,0.556560189,0.123390611,0.154918655,0.55,0.104217058,0.174255321,0.028010138,0.01,0,0.18,TRUE,0.0108223
82,0.552621526,0.11218467,0.167416685,0.55,0.094348384,0.173657113,0.019077432,0.01,0,0.19,TRUE,0.00890836
83,0.548633449,0.102288996,0.169857361,0.55,0.085505649,0.165665525,0.0173528,0.01,0,0.1,TRUE,0.01301021
84,0.548818093,0.098357715,0.164024466,0.55,0.07720884,0.148770061,0.026103041,0.01,0,0.07,TRUE,0.01724266
85,0.549597391,0.092249102,0.157192508,0.55,0.071893753,0.126224856,0.037060731,0.01,0,0.08,TRUE,0.0211055
86,0.549967363,0.084345458,0.143265874,0.55,0.070011754,0.102099278,0.04359065,0.01,0,0.09,TRUE,0.02179344
87,0.549566092,0.074256499,0.12347094,0.55,0.071383968,0.077482966,0.046079643,0.01,0,0.09,TRUE,0.02178446
88,0.549144748,0.0712267,0.099250066,0.55,0.075908316,0.055307246,0.044199778,0.01,0,0.09,TRUE,0.01913078
89,0.550666627,0.074181886,0.074348297,0.55,0.083345632,0.037618511,0.037861536,0.01,0,0.08,TRUE,0.01723236
90,0.551378745,0.077867449,0.053898642,0.55,0.091910904,0.027777837,0.029688651,0.01,0,0.08,TRUE,0.01240119
91,0.549200515,0.084401404,0.037614387,0.55,0.101538394,0.025098676,0.021235786,0.01,0,0.07,TRUE,0.00941792
92,0.548431939,0.092838223,0.028346057,0.55,0.110802598,0.030031083,0.018111236,0.01,0,0.06,TRUE,0.0104945
93,0.547757335,0.101948354,0.024863162,0.55,0.119137329,0.042241741,0.024545986,0.01,0,0.07,TRUE,0.01431402
94,0.547265405,0.112853951,0.029674623,0.55,0.125656455,0.061129516,0.034070404,0.01,0,0.07,TRUE,0.01953946
95,0.546589665,0.122253764,0.042193263,0.55,0.129228929,0.083105156,0.041642122,0.01,0,0.07,TRUE,0.02320246
96,0.546007064,0.130481588,0.060283204,0.55,0.129883732,0.106596675,0.046489123,0.01,0,0.08,TRUE,0.02373988
97,0.546241156,0.13648524,0.084105051,0.55,0.127357686,0.130777123,0.047704543,0.01,0,0.09,TRUE,0.02171312
98,0.548288393,0.137106598,0.11145127,0.55,0.121419043,0.152513368,0.043990054,0.01,0,0.11,TRUE,0.0196374
99,0.551473406,0.129371525,0.134618829,0.55,0.113607764,0.166840704,0.03590148,0.01,0,0.14,TRUE,0.01703519
100,0.556527215,0.122217425,0.153670021,0.55,0.104581302,0.174120328,0.027782232,0.01,0,0.21,TRUE,0.01138084
101,0.552438569,0.113225334,0.167130512,0.55,0.094973249,0.173939662,0.019632874,0.01,0,0.17,TRUE,0.00869779
102,0.548416442,0.102607642,0.170084798,0.55,0.085802124,0.166069108,0.017351047,0.01,0,0.11,TRUE,0.01358175
103,0.548544619,0.099109808,0.163777543,0.55,0.078156223,0.151408256,0.024375606,0.01,0,0.06,TRUE,0.01643797
104,0.548901669,0.092026281,0.160161655,0.55,0.072615211,0.130626103,0.035360215,0.01,0,0.08,TRUE,0.01899448
105,0.549910089,0.083350744,0.146295521,0.55,0.070080698,0.105497378,0.042902106,0.01,0,0.09,TRUE,0.02033137
106,0.549357454,0.075084252,0.125192969,0.55,0.071159981,0.07934611,0.046018988,0.01,0,0.09,TRUE,0.02158009
107,0.549788429,0.071667277,0.100919198,0.55,0.075513175,0.056670204,0.044416317,0.01,0,0.09,TRUE,0.01917635
108,0.549231746,0.072271298,0.075554913,0.55,0.082832277,0.038494447,0.038543517,0.01,0,0.09,TRUE,0.0154142
109,0.549336694,0.076388521,0.052481426,0.55,0.092335685,0.027488868,0.029654342,0.01,0,0.09,TRUE,0.01070928
110,0.549326977,0.086744984,0.036598189,0.55,0.102942406,0.025361611,0.019724861,0.01,0,0.07,TRUE,0.00929189
111,0.548972331,0.093849238,0.026973279,0.55,0.112134411,0.031408999,0.018843548,0.01,0,0.07,TRUE,0.01016517
112,0.547945843,0.103978451,0.025700112,0.55,0.12070476,0.045725644,0.026172713,0.01,0,0.08,TRUE,0.01599648
113,0.546843302,0.114575262,0.031291248,0.55,0.126456539,0.064640107,0.035542593,0.01,0,0.07,TRUE,0.01930395
114,0.546606141,0.123527865,0.045863866,0.55,0.129617381,0.088059857,0.042768004,0.01,0,0.08,TRUE,0.02148943
115,0.546084676,0.131840698,0.067047411,0.55,0.129479053,0.11391614,0.04709124,0.01,0,0.08,TRUE,0.02433957
116,0.547181179,0.135673524,0.090547416,0.55,0.126242771,0.136341866,0.04684033,0.01,0,0.09,TRUE,0.02250712
117,0.548542531,0.134706457,0.115537727,0.55,0.1202232,0.155397551,0.042434592,0.01,0,0.12,TRUE,0.01970148
118,0.552866527,0.130248138,0.138681337,0.55,0.112126064,0.168600227,0.035096532,0.01,0,0.14,TRUE,0.01579412
119,0.556281718,0.120124567,0.156516432,0.55,0.102759205,0.174682109,0.025903815,0.01,0,0.21,TRUE,0.0107811
120,0.550873422,0.11180495,0.168881792,0.55,0.0933753,0.173148537,0.018937264,0.01,0,0.17,TRUE,0.00837673
121,0.548412998,0.100688523,0.169384515,0.55,0.083419427,0.16250423,0.018656864,0.01,0,0.07,TRUE,0.0130241
122,0.549573474,0.095772845,0.166607692,0.55,0.07642996,0.146398627,0.02797741,0.01,0,0.07,TRUE,0.01779376
123,0.550950168,0.090845957,0.156785836,0.55,0.071624024,0.124341836,0.037722654,0.01,0,0.08,TRUE,0.01967729
124,0.549878516,0.081573709,0.141317843,0.55,0.070004391,0.098716848,0.044144181,0.01,0,0.09,TRUE,0.02190589
125,0.548300099,0.07388445,0.120209253,0.55,0.071830817,0.074200636,0.046085789,0.01,0,0.09,TRUE,0.02272719
126,0.549488845,0.072091713,0.096920577,0.55,0.076482516,0.053434995,0.043709682,0.01,0,0.09,TRUE,0.01894683
127,0.549829692,0.072816622,0.072023014,0.55,0.084096687,0.036405353,0.037361566,0.01,0,0.09,TRUE,0.01530043
128,0.548799353,0.078971826,0.050771894,0.55,0.093526323,0.026767002,0.028098216,0.01,0,0.08,TRUE,0.01163936
129,0.549334775,0.086196641,0.035784089,0.55,0.103187652,0.025424582,0.019911212,0.01,0,0.07,TRUE,0.00763347
130,0.547758821,0.096590055,0.028542052,0.55,0.113861257,0.033485643,0.018104044,0.01,0,0.07,TRUE,0.01211817
131,0.547576262,0.105666827,0.024893392,0.55,0.121530234,0.047771594,0.027945203,0.01,0,0.07,TRUE,0.01537249
132,0.546475778,0.117122268,0.033472531,0.55,0.127384427,0.069371873,0.037503263,0.01,0,0.08,TRUE,0.02127471
133,0.546480832,0.126833905,0.048397471,0.55,0.129845779,0.092404984,0.044250617,0.01,0,0.08,TRUE,0.02326297
134,0.545972663,0.133827289,0.069841877,0.55,0.129212619,0.117070244,0.047623873,0.01,0,0.08,TRUE,0.02483207
135,0.54716477,0.137344338,0.093779292,0.55,0.125599648,0.139103869,0.046907287,0.01,0,0.09,TRUE,0.02275149
136,0.550741706,0.134366292,0.118122307,0.55,0.119448566,0.157104798,0.041745938,0.01,0,0.12,TRUE,0.01819665
137,0.552885435,0.127903144,0.141251966,0.55,0.110876842,0.169896991,0.033447843,0.01,0,0.16,TRUE,0.01597508
138,0.55689909,0.120993062,0.15963698,0.55,0.101418577,0.174916105,0.025772264,0.01,0,0.17,TRUE,0.01005436
139,0.552405907,0.109072664,0.168856671,0.55,0.09190456,0.17221772,0.017658675,0.01,0,0.16,TRUE,0.00877592
140,0.549336402,0.09976836,0.168378834,0.55,0.081951792,0.159909421,0.019738323,0.01,0,0.06,TRUE,0.01404515
141,0.550289453,0.094862278,0.165432258,0.55,0.075380502,0.142857344,0.029820298,0.01,0,0.07,TRUE,0.01921058
142,0.550779772,0.090352232,0.15486924,0.55,0.07121081,0.121092439,0.038831357,0.01,0,0.07,TRUE,0.02185859
143,0.551242982,0.083469198,0.139147485,0.55,0.070028568,0.096727683,0.04451556,0.01,0,0.09,TRUE,0.0223829
144,0.548727797,0.074649767,0.118591357,0.55,0.072057696,0.072702149,0.04597996,0.01,0,0.09,TRUE,0.02158534
145,0.5497212,0.071477469,0.094277889,0.55,0.077156845,0.051382214,0.043270913,0.01,0,0.09,TRUE,0.01888023
146,0.550170835,0.072012659,0.069547326,0.55,0.084943042,0.035130514,0.03676603,0.01,0,0.09,TRUE,0.0154504
147,0.54960281,0.080672049,0.049973548,0.55,0.094203133,0.026413472,0.027172139,0.01,0,0.08,TRUE,0.01126738
148,0.550150269,0.08768397,0.035602152,0.55,0.103892481,0.025633988,0.019028997,0.01,0,0.08,TRUE,0.00808739
149,0.549651623,0.096028744,0.027490372,0.55,0.113709358,0.033289174,0.018610524,0.01,0,0.07,TRUE,0.01033082
150,0.547741548,0.10570333,0.0271631,0.55,0.122150712,0.04941925,0.027766045,0.01,0,0.08,TRUE,0.0149611
151,0.54630834,0.117283387,0.035762189,0.55,0.12786427,0.072208086,0.038129868,0.01,0,0.08,TRUE,0.01900488
152,0.547000237,0.126525528,0.053489256,0.55,0.12998952,0.098017711,0.044763614,0.01,0,0.08,TRUE,0.02329842
153,0.54651588,0.133688312,0.075280157,0.55,0.128638059,0.122341323,0.04745943,0.01,0,0.09,TRUE,0.02253147
154,0.547543527,0.137039741,0.101579709,0.55,0.123907597,0.145306373,0.04572208,0.01,0,0.11,TRUE,0.02044956
155,0.5512019,0.133375587,0.127220543,0.55,0.116502035,0.162633998,0.039246327,0.01,0,0.13,TRUE,0.01808501
156,0.554685608,0.127208806,0.148832637,0.55,0.107603288,0.172551276,0.03112724,0.01,0,0.17,TRUE,0.01272784
157,0.552288666,0.116608295,0.163852437,0.55,0.098015538,0.174835733,0.021715465,0.01,0,0.17,TRUE,0.00865572
158,0.5494347,0.104898727,0.16961811,0.55,0.088413012,0.169180096,0.016501219,0.01,0,0.15,TRUE,0.01209414
159,0.547526762,0.099365426,0.164686117,0.55,0.079617217,0.155030795,0.022120893,0.01,0,0.06,TRUE,0.01609126
160,0.549394603,0.094184077,0.161840262,0.55,0.073671758,0.135953412,0.033034085,0.01,0,0.08,TRUE,0.01876522
161,0.549850188,0.087106119,0.149054138,0.55,0.070315849,0.110854493,0.041727071,0.01,0,0.09,TRUE,0.02070442
162,0.54723844,0.075502702,0.130707539,0.55,0.070592183,0.085171755,0.045882971,0.01,0,0.09,TRUE,0.02161305
163,0.549314157,0.069934293,0.106763904,0.55,0.074239536,0.061561861,0.045411785,0.01,0,0.09,TRUE,0.019656
164,0.550788266,0.072510071,0.081125754,0.55,0.080999205,0.041960693,0.040082275,0.01,0,0.09,TRUE,0.01824748
165,0.549581052,0.07909127,0.060103318,0.55,0.089315367,0.029917967,0.031872607,0.01,0,0.09,TRUE,0.01237262
166,0.549531478,0.083227469,0.040678999,0.55,0.099531496,0.025009146,0.022618248,0.01,0,0.07,TRUE,0.00985903
167,0.548832298,0.090964029,0.029745752,0.55,0.108870227,0.028353338,0.017998174,0.01,0,0.06,TRUE,0.00965614
168,0.548020841,0.099853737,0.025520174,0.55,0.117509707,0.039099971,0.022362049,0.01,0,0.07,TRUE,0.01301865
169,0.5469399,0.111458732,0.027986616,0.55,0.12481049,0.057836656,0.032842938,0.01,0,0.08,TRUE,0.0174147
170,0.546808356,0.122560742,0.040865391,0.55,0.129095011,0.081717439,0.041494254,0.01,0,0.08,TRUE,0.02099524
171,0.546205208,0.130507528,0.061116362,0.55,0.129850299,0.10748317,0.04652648,0.01,0,0.08,TRUE,0.02354157
172,0.546053968,0.135830674,0.085058419,0.55,0.127211462,0.131576925,0.047474554,0.01,0,0.09,TRUE,0.02173338
173,0.549186554,0.134686818,0.111185817,0.55,0.121452328,0.152428381,0.043321617,0.01,0,0.12,TRUE,0.02060615
174,0.552600611,0.132859609,0.135465946,0.55,0.113558075,0.166903783,0.036981753,0.01,0,0.13,TRUE,0.01716933
175,0.556991684,0.12274617,0.154196257,0.55,0.104433178,0.174176602,0.027990418,0.01,0,0.19,TRUE,0.01159871
176,0.551939821,0.113735523,0.167525769,0.55,0.094982008,0.17394338,0.019915897,0.01,0,0.17,TRUE,0.00848126
177,0.548501698,0.102916063,0.171347678,0.55,0.085676086,0.165898856,0.018142529,0.01,0,0.1,TRUE,0.01146801
178,0.549327667,0.097071411,0.166998815,0.55,0.077637475,0.149994843,0.025831472,0.01,0,0.07,TRUE,0.01690979
179,0.549371702,0.091438302,0.159745917,0.55,0.072396322,0.129372284,0.035854559,0.01,0,0.08,TRUE,0.0196476
180,0.549112744,0.084192475,0.145059592,0.55,0.070049186,0.104292953,0.043159456,0.01,0,0.09,TRUE,0.02094919
181,0.549005811,0.075298872,0.124549336,0.55,0.071232872,0.078720263,0.04601983,0.01,0,0.09,TRUE,0.02268994
182,0.549332063,0.071893022,0.101390756,0.55,0.075403454,0.057060369,0.044474178,0.01,0,0.09,TRUE,0.01988314
183,0.550521747,0.072617285,0.076740421,0.55,0.082444823,0.039181841,0.038826533,0.01,0,0.09,TRUE,0.01528205
184,0.550036105,0.078272827,0.053883344,0.55,0.091976219,0.027732315,0.029523898,0.01,0,0.08,TRUE,0.01200008
185,0.549201356,0.08462947,0.037186911,0.55,0.101847011,0.025142279,0.021027475,0.01,0,0.07,TRUE,0.00907388
186,0.548971216,0.093568786,0.028712692,0.55,0.111163106,0.030385657,0.017703595,0.01,0,0.07,TRUE,0.01022256
187,0.548054878,0.103070308,0.02445068,0.55,0.119865027,0.043798314,0.02569391,0.01,0,0.08,TRUE,0.01401576
188,0.548169108,0.112810413,0.031826609,0.55,0.126215643,0.06353597,0.034475149,0.01,0,0.07,TRUE,0.01993172
189,0.546612611,0.12306662,0.044148274,0.55,0.129459516,0.085827646,0.042302643,0.01,0,0.08,TRUE,0.02170075
190,0.546429501,0.131805181,0.064551562,0.55,0.129654013,0.111357679,0.046991367,0.01,0,0.08,TRUE,0.0230309
191,0.546945149,0.137379504,0.089877294,0.55,0.126351812,0.135845329,0.047370902,0.01,0,0.09,TRUE,0.02326308
192,0.548629683,0.135312228,0.114420951,0.55,0.120558846,0.154619929,0.042842711,0.01,0,0.11,TRUE,0.01960295
193,0.551149023,0.130141371,0.137557382,0.55,0.112551169,0.168120673,0.035282435,0.01,0,0.14,TRUE,0.0158694
194,0.556188427,0.121021628,0.156213006,0.55,0.103108378,0.17459633,0.026403178,0.01,0,0.22,TRUE,0.01021493
195,0.550688872,0.110825704,0.167939517,0.55,0.093392059,0.17315801,0.018210963,0.01,0,0.19,TRUE,0.00839757
196,0.548174862,0.100855949,0.169770042,0.55,0.083600272,0.162801719,0.018698851,0.01,0,0.07,TRUE,0.01272897
197,0.549088162,0.09603324,0.165373978,0.55,0.076010105,0.145033663,0.028556711,0.01,0,0.07,TRUE,0.01750248
198,0.550156104,0.090451313,0.154921228,0.55,0.071228745,0.121244839,0.038776677,0.01,0,0.09,TRUE,0.0199804
199,0.549254189,0.081378013,0.138439385,0.55,0.070060522,0.095238398,0.044665054,0.01,0,0.09,TRUE,0.02189082
200,0.548777856,0.072989424,0.116897939,0.55,0.072347777,0.070914507,0.046004145,0.01,0,0.09,TRUE,0.02131876
201,0.550660388,0.0699938,0.09209261,0.55,0.077721973,0.049769934,0.043027546,0.01,0,0.09,TRUE,0.01821859
202,0.551137045,0.073975495,0.06756286,0.55,0.085817896,0.033909725,0.035694101,0.01,0,0.08,TRUE,0.01598766
203,0.550010378,0.078612175,0.048181472,0.55,0.094691989,0.026183292,0.027248495,0.01,0,0.08,TRUE,0.01173382
204,0.547952833,0.086559013,0.034389779,0.55,0.104105486,0.025705611,0.019684623,0.01,0,0.08,TRUE,0.00865269
205,0.547297414,0.09588642,0.025595896,0.55,0.114169831,0.033893273,0.02025916,0.01,0,0.07,TRUE,0.01086183
206,0.547228278,0.106908818,0.026305484,0.55,0.122545321,0.050520932,0.028958084,0.01,0,0.07,TRUE,0.01695448
207,0.546633603,0.117313234,0.034749217,0.55,0.127670235,0.071021763,0.037872122,0.01,0,0.07,TRUE,0.0215375
208,0.546591094,0.126837734,0.049772054,0.55,0.129902349,0.093953547,0.044418654,0.01,0,0.08,TRUE,0.02225656
209,0.546894823,0.133083139,0.072145403,0.55,0.128998426,0.119217715,0.04735113,0.01,0,0.09,TRUE,0.02221031
210,0.548446254,0.134932872,0.097871377,0.55,0.124748846,0.142389168,0.045694226,0.01,0,0.1,TRUE,0.02272436
211,0.550547166,0.134633351,0.121934494,0.55,0.118282394,0.159463963,0.040940374,0.01,0,0.12,TRUE,0.01918095
212,0.55279357,0.130040076,0.144568939,0.55,0.109758905,0.170920896,0.033369981,0.01,0,0.15,TRUE,0.01418569
213,0.554771791,0.118285947,0.160637248,0.55,0.100205366,0.174998243,0.023577862,0.01,0,0.24,TRUE,0.00976123
214,0.547651983,0.10851877,0.170453381,0.55,0.090703875,0.171308399,0.017989295,0.01,0,0.16,TRUE,0.00976211
215,0.547218846,0.099051323,0.167079442,0.55,0.080310721,0.156586895,0.021657298,0.01,0,0.07,TRUE,0.01509454
216,0.549328238,0.093524543,0.163852473,0.55,0.07419572,0.138254012,0.032083265,0.01,0,0.07,TRUE,0.01913547
217,0.55090708,0.087882428,0.151596335,0.55,0.070586404,0.114756439,0.040708146,0.01,0,0.08,TRUE,0.02182547
218,0.550075442,0.079503398,0.134677103,0.55,0.070246974,0.090396153,0.045238143,0.01,0,0.09,TRUE,0.02143446
219,0.548713794,0.071483494,0.111756227,0.55,0.073252471,0.066035893,0.045772618,0.01,0,0.09,TRUE,0.02055669
220,0.54931003,0.072874556,0.086577526,0.55,0.079328621,0.045646178,0.041442808,0.01,0,0.08,TRUE,0.01918356
221,0.550487695,0.075797472,0.064495637,0.55,0.087159399,0.032217306,0.034223119,0.01,0,0.09,TRUE,0.01365846
222,0.549557322,0.0813601,0.044575532,0.55,0.09702951,0.025368564,0.024791813,0.01,0,0.08,TRUE,0.01014311
223,0.549305378,0.089447465,0.032070265,0.55,0.106745073,0.026920249,0.018061351,0.01,0,0.07,TRUE,0.00884351
224,0.548882953,0.098106132,0.025394285,0.55,0.116033692,0.036610296,0.021176499,0.01,0,0.06,TRUE,0.0127091
225,0.547668659,0.10768751,0.027313667,0.55,0.123207095,0.052471671,0.029651608,0.01,0,0.08,TRUE,0.01715567
226,0.546610187,0.118614976,0.036293333,0.55,0.128113928,0.073826654,0.03886478,0.01,0,0.08,TRUE,0.02072023
227,0.547005011,0.127429726,0.053335444,0.55,0.12999092,0.098154925,0.044992395,0.01,0,0.08,TRUE,0.02234969
228,0.547059532,0.133767781,0.076323807,0.55,0.128509261,0.123348185,0.04740876,0.01,0,0.09,TRUE,0.02315346
229,0.547807779,0.136786509,0.101836238,0.55,0.123847109,0.145505177,0.045598357,0.01,0,0.11,TRUE,0.02093524
230,0.551155143,0.133702355,0.127070866,0.55,0.116568994,0.162523417,0.039392509,0.01,0,0.12,TRUE,0.01810943
231,0.554346823,0.125547014,0.147408799,0.55,0.107989941,0.172291114,0.030761588,0.01,0,0.21,TRUE,0.01369432
232,0.554087208,0.118070052,0.163971226,0.55,0.098427703,0.174896924,0.022845087,0.01,0,0.17,TRUE,0.0090993
233,0.548441732,0.106027007,0.170140913,0.55,0.089095457,0.169870011,0.017005263,0.01,0,0.16,TRUE,0.01088926
234,0.547406999,0.099163858,0.166632779,0.55,0.08034095,0.156652545,0.021462306,0.01,0,0.06,TRUE,0.01513918
235,0.548308173,0.093818047,0.163338387,0.55,0.074105107,0.137869392,0.032251078,0.01,0,0.07,TRUE,0.01797362
236,0.549800744,0.086011479,0.151332295,0.55,0.070476656,0.113316386,0.041067989,0.01,0,0.09,TRUE,0.02134704
237,0.54824,0.07714805,0.133517644,0.55,0.070351594,0.088551192,0.045511221,0.01,0,0.09,TRUE,0.02199688
238,0.547726352,0.06888493,0.110381041,0.55,0.073537248,0.064669173,0.046004222,0.01,0,0.09,TRUE,0.02090921
239,0.548037074,0.07134401,0.085370183,0.55,0.079653666,0.044884968,0.041375791,0.01,0,0.09,TRUE,0.01765838
240,0.550013628,0.075081455,0.06194114,0.55,0.088123783,0.031127134,0.033460506,0.01,0,0.09,TRUE,0.01436234
241,0.547537815,0.081097836,0.043409253,0.55,0.097561094,0.025248255,0.024635809,0.01,0,0.09,TRUE,0.01008826
242,0.547172241,0.088841265,0.029460308,0.55,0.107812796,0.027587975,0.019272281,0.01,0,0.07,TRUE,0.00971111
243,0.547868601,0.09863994,0.025217014,0.55,0.116501892,0.037365766,0.021706781,0.01,0,0.07,TRUE,0.01178199
244,0.547569965,0.109660854,0.028086201,0.55,0.124239825,0.055810715,0.03141815,0.01,0,0.08,TRUE,0.0175543
245,0.546549703,0.120847807,0.03893638,0.55,0.128734372,0.078445442,0.04043598,0.01,0,0.08,TRUE,0.02091575
246,0.546088425,0.129798979,0.057926311,0.55,0.129959353,0.103902867,0.046142928,0.01,0,0.08,TRUE,0.02368857
247,0.548680144,0.133365991,0.080497713,0.55,0.127952792,0.127230658,0.047063923,0.01,0,0.09,TRUE,0.02331626
248,0.549056946,0.135260775,0.105109359,0.55,0.123049175,0.148006219,0.044611132,0.01,0,0.11,TRUE,0.0212661
249,0.551298412,0.134897044,0.130394037,0.55,0.11550191,0.164211117,0.039005794,0.01,0,0.13,TRUE,0.01694839
250,0.554499354,0.124605333,0.15064161,0.55,0.106407762,0.173269221,0.029383747,0.01,0,0.19,TRUE,0.01240668
251,0.551960119,0.115987767,0.165633305,0.55,0.096865681,0.174589545,0.021206378,0.01,0,0.17,TRUE,0.00857433
252,0.548063298,0.104546279,0.171306763,0.55,0.087273962,0.167917595,0.017707914,0.01,0,0.11,TRUE,0.01048231
253,0.548923099,0.097688952,0.167420597,0.55,0.078486961,0.152272671,0.024481337,0.01,0,0.07,TRUE,0.0161119
254,0.549579108,0.091880852,0.161218049,0.55,0.072885146,0.132092122,0.034775475,0.01,0,0.07,TRUE,0.02056624
255,0.550443298,0.08532959,0.148460068,0.55,0.070225062,0.109169614,0.042096117,0.01,0,0.09,TRUE,0.02090255
256,0.54938781,0.07761768,0.12871165,0.55,0.070740082,0.083443808,0.045791414,0.01,0,0.09,TRUE,0.02236817
257,0.550058467,0.071699044,0.10579134,0.55,0.074429719,0.060776225,0.0450979,0.01,0,0.09,TRUE,0.02089779
258,0.550863514,0.072402603,0.081557534,0.55,0.080858226,0.042250947,0.040215059,0.01,0,0.09,TRUE,0.01738603
259,0.549219472,0.077360922,0.059263697,0.55,0.089480998,0.02976154,0.031904275,0.01,0,0.09,TRUE,0.01256559
260,0.549211969,0.082808102,0.04037971,0.55,0.099571203,0.025007662,0.022757909,0.01,0,0.08,TRUE,0.00922526
261,0.549050148,0.0911266,0.028598192,0.55,0.109548563,0.028900381,0.01844891,0.01,0,0.07,TRUE,0.009169
262,0.548294736,0.100874296,0.026467333,0.55,0.118426627,0.040814939,0.022734248,0.01,0,0.08,TRUE,0.01370925
263,0.547095346,0.111605074,0.029283548,0.55,0.125213601,0.059358708,0.03313826,0.01,0,0.08,TRUE,0.01809059
264,0.545698855,0.123114112,0.041912745,0.55,0.129241342,0.083239942,0.041999762,0.01,0,0.08,TRUE,0.02141802
265,0.546709377,0.130930512,0.062143734,0.55,0.129799146,0.10866419,0.046650412,0.01,0,0.08,TRUE,0.02308454
266,0.548014703,0.135188163,0.086305459,0.55,0.127010538,0.132637291,0.047089846,0.01,0,0.09,TRUE,0.02382906
267,0.547893583,0.136937964,0.1110773,0.55,0.121517431,0.152261371,0.044026783,0.01,0,0.12,TRUE,0.01990786
268,0.551531545,0.130868574,0.134753276,0.55,0.113671596,0.166759244,0.036365694,0.01,0,0.15,TRUE,0.01765892
269,0.556185136,0.12532144,0.155017748,0.55,0.10453682,0.174137426,0.028910524,0.01,0,0.16,TRUE,0.01096679
270,0.551910401,0.112159434,0.166487806,0.55,0.094851149,0.173887132,0.018920264,0.01,0,0.3,TRUE,0.01002086
271,0.545121702,0.102679637,0.169971184,0.55,0.085933516,0.166244529,0.017835871,0.01,0,0.07,TRUE,0.01134443
272,0.546938052,0.096591231,0.168639048,0.55,0.077968264,0.150904483,0.025897978,0.01,0,0.07,TRUE,0.01622701
273,0.550631175,0.090453351,0.161250495,0.55,0.072613603,0.130617116,0.035455027,0.01,0,0.08,TRUE,0.01819811
274,0.550236306,0.082133179,0.146124957,0.55,0.070060903,0.104776536,0.043075371,0.01,0,0.09,TRUE,0.02058703
275,0.549946866,0.073406946,0.125089763,0.55,0.071200625,0.07899464,0.046147926,0.01,0,0.09,TRUE,0.02262515
276,0.550830832,0.071522414,0.101602241,0.55,0.075355364,0.057233051,0.044542191,0.01,0,0.09,TRUE,0.02018345
277,0.550766131,0.074443149,0.077381316,0.55,0.082308402,0.039429413,0.038765914,0.01,0,0.08,TRUE,0.01681774
278,0.550090181,0.077722472,0.055609575,0.55,0.091122438,0.028359016,0.03036709,0.01,0,0.08,TRUE,0.01278829
279,0.549320296,0.085242643,0.039695087,0.55,0.100672453,0.025018844,0.021305707,0.01,0,0.08,TRUE,0.00883192
280,0.549528003,0.093172129,0.029658374,0.55,0.110395727,0.029646924,0.017230068,0.01,0,0.07,TRUE,0.00987811
281,0.548223601,0.101206744,0.026487164,0.55,0.118721553,0.041396274,0.023069583,0.01,0,0.07,TRUE,0.01346395
282,0.54623895,0.111948384,0.03038461,0.55,0.125614419,0.06095663,0.033697989,0.01,0,0.08,TRUE,0.01863832
283,0.546643688,0.122504423,0.042888697,0.55,0.129314449,0.084058101,0.041863601,0.01,0,0.07,TRUE,0.02296834
284,0.54659145,0.130561557,0.061378352,0.55,0.129838466,0.10777252,0.046524831,0.01,0,0.08,TRUE,0.0231686
285,0.54638189,0.136332346,0.085828893,0.55,0.12707702,0.132291157,0.047513091,0.01,0,0.1,TRUE,0.02270989
286,0.548691643,0.135752119,0.111344319,0.55,0.121426165,0.152495205,0.043592891,0.01,0,0.12,TRUE,0.02047882
287,0.553227139,0.131537206,0.134981365,0.55,0.113637359,0.166802996,0.036652901,0.01,0,0.16,TRUE,0.01776478
288,0.55696078,0.124633335,0.154710709,0.55,0.104550139,0.174132324,0.028792123,0.01,0,0.16,TRUE,0.01123187
289,0.551770548,0.112871348,0.166799013,0.55,0.094998362,0.173950305,0.019331825,0.01,0,0.32,TRUE,0.00970431
290,0.545487469,0.102959163,0.170719782,0.55,0.085950061,0.16626647,0.018152257,0.01,0,0.08,TRUE,0.01140277
291,0.546666377,0.096830204,0.166996255,0.55,0.077418252,0.149375138,0.026428028,0.01,0,0.06,TRUE,0.0170953
292,0.549801215,0.090455335,0.160431544,0.55,0.072403855,0.129416488,0.035886337,0.01,0,0.08,TRUE,0.01948967
293,0.550439158,0.082583071,0.146030875,0.55,0.070062676,0.104845508,0.043048666,0.01,0,0.09,TRUE,0.02293399
294,0.549518228,0.075722447,0.127064932,0.55,0.070939492,0.081377623,0.045939515,0.01,0,0.08,TRUE,0.02316631
295,0.549752289,0.071755666,0.104528228,0.55,0.074700174,0.059695006,0.044930494,0.01,0,0.09,TRUE,0.0193321
296,0.549819447,0.073057054,0.078956301,0.55,0.081723314,0.040525071,0.039396652,0.01,0,0.08,TRUE,0.01767882
297,0.550419209,0.077298393,0.05763603,0.55,0.090176208,0.029135115,0.031278044,0.01,0,0.09,TRUE,0.01197534
298,0.551117179,0.084895383,0.039824994,0.55,0.10049042,0.025010022,0.021539189,0.01,0,0.08,TRUE,0.00883211
299,0.549931406,0.092518693,0.028811742,0.55,0.110355611,0.029609956,0.017854901,0.01,0,0.08,TRUE,0.00935262
300,0.548032655,0.102222573,0.025432059,0.55,0.119414771,0.042823373,0.024533649,0.01,0,0.08,TRUE,0.01339157
301,0.546798293,0.113202538,0.03140009,0.55,0.126192549,0.063432395,0.034713972,0.01,0,0.08,TRUE,0.01777132
302,0.546636104,0.123880845,0.046136148,0.55,0.129647827,0.088541826,0.042928026,0.01,0,0.08,TRUE,0.02201137
303,0.547415358,0.13017865,0.066689179,0.55,0.12953001,0.113223675,0.046610734,0.01,0,0.09,TRUE,0.02247503
304,0.547400137,0.134427829,0.091443433,0.55,0.126082804,0.137054633,0.046441149,0.01,0,0.1,TRUE,0.0225464
305,0.549053311,0.134558983,0.116183636,0.55,0.120030811,0.155832707,0.042237577,0.01,0,0.12,TRUE,0.02051419
306,0.552158437,0.131498686,0.13896081,0.55,0.112130422,0.168595411,0.035468269,0.01,0,0.15,TRUE,0.01704606
307,0.556801308,0.12290324,0.157270365,0.55,0.10300355,0.174623165,0.027264906,0.01,0,0.19,TRUE,0.01057674
308,0.550531229,0.111892602,0.16891615,0.55,0.093400049,0.173162518,0.018981264,0.01,0,0.14,TRUE,0.00906979
309,0.547826872,0.101507072,0.169725259,0.55,0.084526497,0.164253925,0.017972142,0.01,0,0.07,TRUE,0.01178161
310,0.547694662,0.095789227,0.166831275,0.55,0.076544427,0.146759764,0.027902374,0.01,0,0.07,TRUE,0.01744457
311,0.549899606,0.089825684,0.158069539,0.55,0.071768258,0.125368379,0.037355677,0.01,0,0.08,TRUE,0.02060165
312,0.550517608,0.084504748,0.141552995,0.55,0.070000001,0.100023567,0.043992601,0.01,0,0.09,TRUE,0.02159096
313,0.548456686,0.075862048,0.120746116,0.55,0.071721702,0.074957802,0.046001021,0.01,0,0.09,TRUE,0.02218471
314,0.548744232,0.071642636,0.097106803,0.55,0.076434073,0.053588317,0.043799468,0.01,0,0.09,TRUE,0.01876207
315,0.55085724,0.074198796,0.072197026,0.55,0.084114555,0.036377449,0.037176596,0.01,0,0.09,TRUE,0.01533756
316,0.55025602,0.078016118,0.050448133,0.55,0.093519377,0.026770842,0.028302486,0.01,0,0.08,TRUE,0.01187843
317,0.548981074,0.085139761,0.035127933,0.55,0.103144989,0.025413262,0.020484172,0.01,0,0.07,TRUE,0.00896319
318,0.54827262,0.094408274,0.026425546,0.55,0.112760673,0.032123033,0.019293931,0.01,0,0.06,TRUE,0.01141381
319,0.54778628,0.103974092,0.025182531,0.55,0.120591278,0.045456482,0.026307119,0.01,0,0.07,TRUE,0.01557134
320,0.547825369,0.11431772,0.031371733,0.55,0.126424076,0.064488714,0.03532743,0.01,0,0.07,TRUE,0.02027301
321,0.54642426,0.124639004,0.044613538,0.55,0.129555345,0.087134932,0.042953758,0.01,0,0.07,TRUE,0.02401398
322,0.545575066,0.132400749,0.063704292,0.55,0.129698013,0.11061486,0.047196253,0.01,0,0.08,TRUE,0.02210106
323,0.547005393,0.133811078,0.089107372,0.55,0.126529769,0.135015297,0.046578135,0.01,0,0.1,TRUE,0.02095813
324,0.548322275,0.132279123,0.114931141,0.55,0.120342879,0.155123003,0.041960392,0.01,0,0.12,TRUE,0.01989961
325,0.552407151,0.13085986,0.138401957,0.55,0.112288745,0.168419055,0.03537947,0.01,0,0.17,TRUE,0.01612195
326,0.555196804,0.122429171,0.157013692,0.55,0.103024583,0.174617855,0.02671051,0.01,0,0.16,TRUE,0.01027962
327,0.550907426,0.109966918,0.167091165,0.55,0.093420888,0.173174248,0.017652151,0.01,0,0.22,TRUE,0.0090329
328,0.547806869,0.10164394,0.170146879,0.55,0.084585629,0.164342694,0.018151705,0.01,0,0.09,TRUE,0.01328977
329,0.548239735,0.097732666,0.165164241,0.55,0.077266652,0.148938411,0.02617697,0.01,0,0.06,TRUE,0.01723279
330,0.549606856,0.091422259,0.158758449,0.55,0.072145264,0.127851582,0.036427895,0.01,0,0.08,TRUE,0.02041608
331,0.549611594,0.084034821,0.144443865,0.55,0.070031827,0.103453822,0.043317644,0.01,0,0.09,TRUE,0.02137858
332,0.549440655,0.076311934,0.123881524,0.55,0.071297353,0.078182853,0.045976379,0.01,0,0.09,TRUE,0.02230354
333,0.550571783,0.071841147,0.100472434,0.55,0.075617816,0.056302952,0.044334335,0.01,0,0.08,TRUE,0.02128738
334,0.548908057,0.073495414,0.077456098,0.55,0.082241754,0.039551433,0.038915992,0.01,0,0.09,TRUE,0.01563601
335,0.549330285,0.077144434,0.05431807,0.55,0.091620157,0.027985321,0.030056758,0.01,0,0.09,TRUE,0.0115038
336,0.550110867,0.085395762,0.037659105,0.55,0.101852281,0.025143093,0.020675587,0.01,0,0.08,TRUE,0.00788612
337,0.550360726,0.094593663,0.028204659,0.55,0.112201225,0.031483117,0.017913812,0.01,0,0.07,TRUE,0.00997216
338,0.548556873,0.10388615,0.02617079,0.55,0.120749326,0.045832119,0.025942574,0.01,0,0.07,TRUE,0.01564082
339,0.547398796,0.113718364,0.032104978,0.55,0.126483352,0.06476578,0.035163037,0.01,0,0.07,TRUE,0.01948404
340,0.545948419,0.123084872,0.046013108,0.55,0.129615174,0.088025686,0.042709681,0.01,0,0.08,TRUE,0.02064153
341,0.545907779,0.131621544,0.067893601,0.55,0.129415425,0.114733633,0.04707018,0.01,0,0.08,TRUE,0.0248138
342,0.54635823,0.135985827,0.091084283,0.55,0.126138307,0.136809384,0.04691504,0.01,0,0.1,TRUE,0.02140033
343,0.550036383,0.132871747,0.116496004,0.55,0.119894838,0.15613574,0.041709833,0.01,0,0.12,TRUE,0.01871321
344,0.552366011,0.129441537,0.140215722,0.55,0.111447967,0.169324601,0.034302965,0.01,0,0.14,TRUE,0.01517578
345,0.555497544,0.120337129,0.158321692,0.55,0.101910366,0.174847783,0.025355083,0.01,0,0.21,TRUE,0.00995237
346,0.551221467,0.109813312,0.168923167,0.55,0.092300051,0.172487533,0.017913989,0.01,0,0.17,TRUE,0.00986458
347,0.546639945,0.100307129,0.167807074,0.55,0.082989435,0.161777862,0.018642529,0.01,0,0.06,TRUE,0.01270179
348,0.548342863,0.09444979,0.166997971,0.55,0.075832052,0.144434664,0.029299644,0.01,0,0.08,TRUE,0.01819635
349,0.55016249,0.090711497,0.154907626,0.55,0.07125024,0.121425931,0.038727133,0.01,0,0.07,TRUE,0.02216062
350,0.549613132,0.082985303,0.140220385,0.55,0.070012142,0.097866374,0.044298023,0.01,0,0.08,TRUE,0.02284449
351,0.549584421,0.073993706,0.120357377,0.55,0.07180788,0.074357706,0.04605345,0.01,0,0.09,TRUE,0.02252443
352,0.549266073,0.071667592,0.096869735,0.55,0.07649353,0.053400251,0.043742707,0.01,0,0.09,TRUE,0.01837615
353,0.550246584,0.074628651,0.071679864,0.55,0.084328023,0.036047424,0.03692979,0.01,0,0.09,TRUE,0.01453369
354,0.550605869,0.078655533,0.049414694,0.55,0.094113507,0.026457954,0.027682629,0.01,0,0.08,TRUE,0.01130179
355,0.548901001,0.087223603,0.035349063,0.55,0.103843758,0.025618151,0.01929062,0.01,0,0.08,TRUE,0.00827859
356,0.548393301,0.095908328,0.02734513,0.55,0.113653152,0.03321717,0.018760094,0.01,0,0.07,TRUE,0.0104647
357,0.547083487,0.105904927,0.026816481,0.55,0.122164133,0.04945601,0.028025276,0.01,0,0.08,TRUE,0.01534284
358,0.546201053,0.117255468,0.035424772,0.55,0.127795616,0.071781685,0.038044078,0.01,0,0.08,TRUE,0.02025067
359,0.546435833,0.127451519,0.051850102,0.55,0.129967479,0.096508749,0.044871239,0.01,0,0.08,TRUE,0.02375358
360,0.54704301,0.133293737,0.073175839,0.55,0.128885225,0.120255209,0.047377694,0.01,0,0.08,TRUE,0.02355175
361,0.547103294,0.1366445,0.098207818,0.55,0.124670972,0.142671942,0.046139079,0.01,0,0.1,TRUE,0.02232317
362,0.550625905,0.133453205,0.122158419,0.55,0.118166868,0.159684844,0.040525256,0.01,0,0.13,TRUE,0.01805056
363,0.553605391,0.127688447,0.144779696,0.55,0.10939515,0.17122724,0.032359174,0.01,0,0.17,TRUE,0.01431849
364,0.554250976,0.119248729,0.161748028,0.55,0.099907922,0.174999647,0.023827359,0.01,0,0.22,TRUE,0.009984
365,0.547838466,0.108858309,0.171139771,0.55,0.090570883,0.171199181,0.018414823,0.01,0,0.14,TRUE,0.00947984
366,0.548131966,0.099580589,0.168918179,0.55,0.081688448,0.159407863,0.020348572,0.01,0,0.06,TRUE,0.01400374
367,0.54918144,0.094023466,0.165986775,0.55,0.075215864,0.142260102,0.030287802,0.01,0,0.07,TRUE,0.0166862
368,0.550527224,0.086570806,0.154475532,0.55,0.070865891,0.117889185,0.039818126,0.01,0,0.09,TRUE,0.02035629
369,0.550494827,0.077776732,0.137030087,0.55,0.070146069,0.092607937,0.045075484,0.01,0,0.09,TRUE,0.02180058
370,0.550605249,0.071463973,0.114360227,0.55,0.072790078,0.068414784,0.04596856,0.01,0,0.09,TRUE,0.02022939
371,0.549630349,0.071280517,0.088584384,0.55,0.078712662,0.047152977,0.042094358,0.01,0,0.09,TRUE,0.01875083
372,0.550374171,0.075059081,0.065540607,0.55,0.086683035,0.032794232,0.034750272,0.01,0,0.09,TRUE,0.01399291
373,0.549884948,0.080889887,0.045531097,0.55,0.09644248,0.025529198,0.025337173,0.01,0,0.08,TRUE,0.00915446
374,0.548408877,0.090098727,0.031934603,0.55,0.10717324,0.027175527,0.017796614,0.01,0,0.07,TRUE,0.008488
375,0.548806123,0.099046447,0.025036376,0.55,0.116853531,0.037953723,0.022031238,0.01,0,0.08,TRUE,0.01266315
376,0.547487769,0.11002078,0.027592377,0.55,0.124226133,0.055763809,0.031650165,0.01,0,0.08,TRUE,0.01775045
377,0.54635357,0.119326202,0.039097299,0.55,0.128639782,0.077672483,0.039850773,0.01,0,0.08,TRUE,0.01966461
378,0.546378566,0.12901599,0.05834787,0.55,0.129954286,0.104138825,0.045943517,0.01,0,0.08,TRUE,0.0233802
379,0.54704388,0.133682986,0.08124796,0.55,0.127838071,0.127955523,0.047164586,0.01,0,0.09,TRUE,0.02220879
380,0.548032447,0.13584672,0.10733464,0.55,0.122490507,0.149634736,0.044402228,0.01,0,0.1,TRUE,0.02133059
381,0.549483506,0.132466508,0.130787804,0.55,0.115219135,0.164632516,0.037989514,0.01,0,0.13,TRUE,0.0170273
382,0.555295671,0.124186281,0.151161252,0.55,0.106102701,0.173431815,0.029172555,0.01,0,0.19,TRUE,0.01219411
383,0.553501414,0.114783366,0.16561628,0.55,0.09642582,0.174465816,0.020677855,0.01,0,0.18,TRUE,0.00837962
384,0.548861373,0.103984995,0.171033541,0.55,0.086869821,0.16743508,0.017526397,0.01,0,0.11,TRUE,0.01120659
385,0.548602094,0.097929916,0.166291462,0.55,0.078169463,0.151443394,0.024756711,0.01,0,0.07,TRUE,0.0174161
386,0.548135479,0.093185581,0.160066642,0.55,0.072825155,0.131773399,0.034907463,0.01,0,0.07,TRUE,0.02025848
387,0.548427978,0.086483214,0.146652653,0.55,0.070144461,0.107351359,0.042591288,0.01,0,0.08,TRUE,0.02173268
388,0.547560311,0.076628233,0.127950335,0.55,0.070832039,0.082458972,0.045923981,0.01,0,0.1,TRUE,0.02150734
389,0.547329747,0.071243389,0.103795942,0.55,0.074862748,0.059064183,0.044957316,0.01,0,0.09,TRUE,0.01993225
390,0.549514844,0.070688129,0.078548327,0.55,0.081765261,0.040444653,0.039684104,0.01,0,0.09,TRUE,0.01758007
391,0.549461297,0.075817721,0.056979328,0.55,0.090281163,0.029044723,0.031461461,0.01,0,0.08,TRUE,0.01302635
392,0.549370893,0.082342288,0.039353181,0.55,0.099977711,0.025000021,0.022746805,0.01,0,0.08,TRUE,0.00898879
393,0.548355593,0.092096283,0.028997191,0.55,0.109976589,0.029268657,0.017957815,0.01,0,0.07,TRUE,0.00895608
394,0.547757311,0.102153886,0.025528731,0.55,0.119376378,0.042742033,0.024452846,0.01,0,0.07,TRUE,0.0151816
395,0.547094286,0.11238093,0.029585226,0.55,0.125510389,0.060533236,0.033743224,0.01,0,0.07,TRUE,0.01945642
396,0.545678257,0.122035258,0.041883883,0.55,0.129183456,0.082620796,0.041584495,0.01,0,0.08,TRUE,0.02111221
397,0.546192432,0.13061908,0.061904453,0.55,0.129813963,0.108339523,0.046597871,0.01,0,0.08,TRUE,0.022505
398,0.546274465,0.134662935,0.086681198,0.55,0.126952488,0.132935866,0.047040674,0.01,0,0.1,TRUE,0.02279438
399,0.54773831,0.137301731,0.112752668,0.55,0.121066503,0.15339724,0.043825553,0.01,0,0.12,TRUE,0.01993756
400,0.551256798,0.130996713,0.136154333,0.55,0.113156692,0.167402775,0.03600432,0.01,0,0.15,TRUE,0.01628551
401,0.556096193,0.121432642,0.154770948,0.55,0.103897282,0.17436444,0.026991801,0.01,0,0.18,TRUE,0.01045833
402,0.551698393,0.111216513,0.167089766,0.55,0.094065626,0.173517991,0.018394552,0.01,0,0.22,TRUE,0.00906427
403,0.547948216,0.10193224,0.169509559,0.55,0.08517744,0.165206006,0.017419923,0.01,0,0.1,TRUE,0.01290253
404,0.548018961,0.097893376,0.164280897,0.55,0.076870391,0.14776382,0.02680866,0.01,0,0.07,TRUE,0.01771386
405,0.548077428,0.09190676,0.156928549,0.55,0.071786837,0.125497234,0.037368905,0.01,0,0.08,TRUE,0.02024735
406,0.549517223,0.083008915,0.142343218,0.55,0.070000563,0.100459546,0.043859917,0.01,0,0.09,TRUE,0.02136107
407,0.548053746,0.073934121,0.121364916,0.55,0.071667704,0.075342214,0.046119559,0.01,0,0.09,TRUE,0.02185643
408,0.548837393,0.070228664,0.097120206,0.55,0.076425179,0.053616557,0.043958115,0.01,0,0.09,TRUE,0.0190068
409,0.550654819,0.075462066,0.072587639,0.55,0.084046821,0.036483463,0.037116551,0.01,0,0.09,TRUE,0.01653039
410,0.551474845,0.081551275,0.052757705,0.55,0.093008413,0.027065195,0.028169953,0.01,0,0.09,TRUE,0.01103186
411,0.549178916,0.085797656,0.03537379,0.55,0.10326056,0.025444285,0.02010528,0.01,0,0.08,TRUE,0.00907569
412,0.547814905,0.09452555,0.026581401,0.55,0.112793286,0.032161413,0.019225539,0.01,0,0.07,TRUE,0.00985847
413,0.547709538,0.105185163,0.026325346,0.55,0.121614624,0.047989903,0.027286012,0.01,0,0.07,TRUE,0.01540355
414,0.547814531,0.115854662,0.033871978,0.55,0.127280053,0.068795163,0.036809573,0.01,0,0.08,TRUE,0.0188009
415,0.546767643,0.127073416,0.05027536,0.55,0.129922411,0.094609424,0.044542947,0.01,0,0.09,TRUE,0.02099198
416,0.54687875,0.132514493,0.074013254,0.55,0.128804716,0.120959531,0.047195949,0.01,0,0.1,TRUE,0.02127296
417,0.547989859,0.13231177,0.100074159,0.55,0.124253303,0.14414304,0.044844685,0.01,0,0.11,TRUE,0.02116783
418,0.549044823,0.133498983,0.125125096,0.55,0.117207094,0.161436751,0.03981048,0.01,0,0.13,TRUE,0.01783994
419,0.554619857,0.126150118,0.146707781,0.55,0.108378221,0.172015858,0.031267909,0.01,0,0.2,TRUE,0.01415309
420,0.554586613,0.118151159,0.162863664,0.55,0.099019343,0.174959919,0.023095082,0.01,0,0.19,TRUE,0.00912043
421,0.54893296,0.107139819,0.17094725,0.55,0.089523266,0.170277932,0.017661526,0.01,0,0.15,TRUE,0.00969014
422,0.547938486,0.098486084,0.16722557,0.55,0.079429676,0.154592913,0.022956057,0.01,0,0.07,TRUE,0.01520061
423,0.549443141,0.092353919,0.162574912,0.55,0.073408865,0.134723148,0.033688959,0.01,0,0.08,TRUE,0.01848112
424,0.549576313,0.084458295,0.149531334,0.55,0.070275106,0.110133685,0.041875018,0.01,0,0.08,TRUE,0.02065893
425,0.548838405,0.073794745,0.130457422,0.55,0.070640945,0.084579668,0.046000697,0.01,0,0.09,TRUE,0.02243945
426,0.549004988,0.071205435,0.106989937,0.55,0.074183551,0.061797338,0.045301548,0.01,0,0.09,TRUE,0.01977869
427,0.550260434,0.073286212,0.081553942,0.55,0.080888701,0.042187899,0.040094277,0.01,0,0.09,TRUE,0.01660404
428,0.55042246,0.077528006,0.058442789,0.55,0.089854237,0.029419218,0.031535411,0.01,0,0.08,TRUE,0.01335555
429,0.5495631,0.082865144,0.040791658,0.55,0.099370513,0.025016512,0.02283579,0.01,0,0.08,TRUE,0.00922315
430,0.549083839,0.091839809,0.030262046,0.55,0.109150303,0.028573817,0.017416736,0.01,0,0.06,TRUE,0.00989185
431,0.547540444,0.099987603,0.025773081,0.55,0.117622842,0.03930427,0.022363903,0.01,0,0.08,TRUE,0.0134434
432,0.545855648,0.110928646,0.028407621,0.55,0.124762825,0.057661891,0.032624722,0.01,0,0.08,TRUE,0.01669028
433,0.546755783,0.122114281,0.041505598,0.55,0.129144658,0.082218527,0.041442656,0.01,0,0.08,TRUE,0.02262103
434,0.546652586,0.130371149,0.05988018,0.55,0.129899252,0.106141413,0.046384583,0.01,0,0.08,TRUE,0.02375243
435,0.546883996,0.135712169,0.083323038,0.55,0.127492249,0.130018354,0.047515567,0.01,0,0.09,TRUE,0.02212733
436,0.549536729,0.136487116,0.109807056,0.55,0.121851378,0.151388063,0.044084006,0.01,0,0.12,TRUE,0.01954256
437,0.552016693,0.13081996,0.134142512,0.55,0.113894718,0.166470709,0.036546453,0.01,0,0.14,TRUE,0.01732704
438,0.556352933,0.12315675,0.153276719,0.55,0.10494333,0.173974805,0.028293094,0.01,0,0.19,TRUE,0.01130693
439,0.552434867,0.113675556,0.167217124,0.55,0.095120673,0.174001358,0.019905731,0.01,0,0.16,TRUE,0.00849856
440,0.549810234,0.102740362,0.170242386,0.55,0.085893375,0.166191159,0.017328284,0.01,0,0.11,TRUE,0.01300086
441,0.548554811,0.098739005,0.164804239,0.55,0.078344807,0.151904517,0.024174671,0.01,0,0.06,TRUE,0.01748988
442,0.547866437,0.093789563,0.159829374,0.55,0.072887584,0.132104994,0.034786291,0.01,0,0.07,TRUE,0.02030145
443,0.548871256,0.086412402,0.147203142,0.55,0.070172984,0.108042501,0.042409297,0.01,0,0.09,TRUE,0.02084345
444,0.550673227,0.077498138,0.127544769,0.55,0.070858946,0.08218165,0.045851332,0.01,0,0.09,TRUE,0.02321587
445,0.550365248,0.071605532,0.105382641,0.55,0.074517154,0.060422184,0.045056117,0.01,0,0.09,TRUE,0.01987619
446,0.549368566,0.071521457,0.08006118,0.55,0.08130647,0.041340393,0.039943016,0.01,0,0.08,TRUE,0.01797861
447,0.550109826,0.076833393,0.058753318,0.55,0.089639878,0.029614105,0.031829417,0.01,0,0.08,TRUE,0.01363328
448,0.549581396,0.08510626,0.042464681,0.55,0.09909908,0.025033827,0.022356407,0.01,0,0.07,TRUE,0.00969739
449,0.549423363,0.090638824,0.029738177,0.55,0.108677654,0.028206097,0.018112956,0.01,0,0.07,TRUE,0.00882155
450,0.548515016,0.100220274,0.026184403,0.55,0.117830496,0.039684506,0.022239107,0.01,0,0.07,TRUE,0.01304114
451,0.546972715,0.110941605,0.029033211,0.55,0.124944848,0.058335076,0.032616784,0.01,0,0.08,TRUE,0.0175654
452,0.54579781,0.122830264,0.041411322,0.55,0.129172196,0.082503041,0.041790046,0.01,0,0.08,TRUE,0.02128461
453,0.54669405,0.131149995,0.061569963,0.55,0.129823837,0.10811585,0.046681984,0.01,0,0.08,TRUE,0.02369134
454,0.546625913,0.136312508,0.085581602,0.55,0.127118746,0.132071564,0.047510275,0.01,0,0.09,TRUE,0.0216534
455,0.54855453,0.13677219,0.112743055,0.55,0.121059717,0.153413968,0.043624469,0.01,0,0.12,TRUE,0.01863881
456,0.551173171,0.129726254,0.136954315,0.55,0.112747428,0.16789252,0.035310471,0.01,0,0.14,TRUE,0.01621564
457,0.556293115,0.121577821,0.15583566,0.55,0.103411509,0.174513489,0.026804467,0.01,0,0.18,TRUE,0.01123388
458,0.55324087,0.111922534,0.167936309,0.55,0.093940184,0.173454009,0.019086989,0.01,0,0.16,TRUE,0.00847801
459,0.549207025,0.1017914,0.170354601,0.55,0.084712908,0.164532201,0.01806112,0.01,0,0.08,TRUE,0.01224819
460,0.550076437,0.096853139,0.166153039,0.55,0.077005965,0.148171203,0.026781758,0.01,0,0.07,TRUE,0.01771781
461,0.549730524,0.091569714,0.158258087,0.55,0.07204685,0.127228366,0.036661403,0.01,0,0.08,TRUE,0.01967877
462,0.549365108,0.083070134,0.14351757,0.55,0.070009884,0.101925047,0.043599441,0.01,0,0.09,TRUE,0.0213601
463,0.549418001,0.075462574,0.122569259,0.55,0.071479808,0.0767354,0.046010257,0.01,0,0.09,TRUE,0.02235683
464,0.548917306,0.072450472,0.099044896,0.55,0.075959064,0.055136778,0.044061381,0.01,0,0.09,TRUE,0.02039986
465,0.5501029,0.07349628,0.075387171,0.55,0.08294825,0.038293141,0.038279464,0.01,0,0.08,TRUE,0.01745462
466,0.549549412,0.078211128,0.055086602,0.55,0.091422689,0.028130772,0.030022743,0.01,0,0.08,TRUE,0.01186367
467,0.548429011,0.084803468,0.037850056,0.55,0.101544708,0.025099488,0.021102467,0.01,0,0.08,TRUE,0.00842786
468,0.549569493,0.093616827,0.027926521,0.55,0.111560467,0.030792179,0.018176126,0.01,0,0.07,TRUE,0.00996388
469,0.548546136,0.103138695,0.025669779,0.55,0.120124454,0.044378154,0.02531073,0.01,0,0.08,TRUE,0.01422117
470,0.546810155,0.114434052,0.031741465,0.55,0.12653797,0.065023567,0.035558096,0.01,0,0.08,TRUE,0.01884118
471,0.546122135,0.124260753,0.046726939,0.55,0.129698952,0.089401581,0.043194177,0.01,0,0.08,TRUE,0.02226893
472,0.54640843,0.131487637,0.067497092,0.55,0.129449206,0.114305651,0.04699038,0.01,0,0.08,TRUE,0.02284478
473,0.548271901,0.134089572,0.092003974,0.55,0.125976252,0.137519521,0.046265293,0.01,0,0.1,TRUE,0.02171176
474,0.548705636,0.134945853,0.117789563,0.55,0.119565285,0.156855059,0.042004169,0.01,0,0.13,TRUE,0.01950203
475,0.553507849,0.131129316,0.141548289,0.55,0.111087446,0.169689873,0.034726508,0.01,0,0.14,TRUE,0.01516134
476,0.556000637,0.119534592,0.158621703,0.55,0.101563946,0.174898017,0.024977393,0.01,0,0.19,TRUE,0.00977053
477,0.551242686,0.10940867,0.169207731,0.55,0.091910981,0.172222217,0.017798891,0.01,0,0.15,TRUE,0.00850339
478,0.548646871,0.099885644,0.169598982,0.55,0.082198676,0.160369324,0.019996159,0.01,0,0.08,TRUE,0.01286151
479,0.548839259,0.094224188,0.164780477,0.55,0.074818326,0.14076482,0.030898003,0.01,0,0.07,TRUE,0.01884278
480,0.550001878,0.088485501,0.153736273,0.55,0.070889197,0.118124764,0.03972165,0.01,0,0.08,TRUE,0.02149701
481,0.550543068,0.080398187,0.137396647,0.55,0.070104731,0.093738554,0.044858436,0.01,0,0.09,TRUE,0.02178292
482,0.547946039,0.072526348,0.115288792,0.55,0.072617937,0.069358668,0.045976118,0.01,0,0.09,TRUE,0.02232451
483,0.549764434,0.070808011,0.091608446,0.55,0.077862671,0.049382644,0.042811705,0.01,0,0.09,TRUE,0.01832989
484,0.550640827,0.074642053,0.067415999,0.55,0.085923032,0.033769391,0.035493174,0.01,0,0.09,TRUE,0.01498932
485,0.550032263,0.080213055,0.047628496,0.55,0.095262431,0.025941094,0.026397503,0.01,0,0.08,TRUE,0.01124836
486,0.548275478,0.087882146,0.034252712,0.55,0.104750557,0.025946294,0.018881574,0.01,0,0.07,TRUE,0.009427
487,0.547415371,0.095722512,0.026772425,0.55,0.113685985,0.033259185,0.019272901,0.01,0,0.07,TRUE,0.01144835
488,0.546442835,0.105626096,0.025948275,0.55,0.121770536,0.048397932,0.027879805,0.01,0,0.08,TRUE,0.01557418
489,0.546088298,0.117111351,0.034061069,0.55,0.127504453,0.070051598,0.037664786,0.01,0,0.08,TRUE,0.01913287
490,0.546574078,0.125947596,0.051292441,0.55,0.129941836,0.095331983,0.044352814,0.01,0,0.08,TRUE,0.02190949
491,0.546073539,0.133907786,0.074145194,0.55,0.128767108,0.121279906,0.047576515,0.01,0,0.09,TRUE,0.02329276
492,0.547835185,0.137564393,0.099821246,0.55,0.124311,0.143944231,0.046121325,0.01,0,0.1,TRUE,0.02252452
493,0.550507525,0.135501421,0.124402712,0.55,0.117530468,0.160862688,0.040651476,0.01,0,0.13,TRUE,0.01790131
494,0.553739885,0.127764391,0.146659272,0.55,0.108611422,0.171843728,0.031860317,0.01,0,0.2,TRUE,0.01409184
495,0.552991617,0.119374525,0.163253861,0.55,0.099185639,0.174972362,0.02353432,0.01,0,0.17,TRUE,0.00911266
496,0.549393574,0.107058453,0.170423568,0.55,0.089730084,0.170468469,0.017339035,0.01,0,0.13,TRUE,0.01036692
497,0.547933696,0.09952157,0.167761036,0.55,0.081415658,0.158876047,0.02027404,0.01,0,0.07,TRUE,0.01411066
498,0.548955815,0.094732768,0.163423014,0.55,0.074474701,0.139406466,0.031436829,0.01,0,0.07,TRUE,0.01892206
499,0.549999264,0.087709103,0.152930327,0.55,0.070734499,0.116494404,0.040195941,0.01,0,0.09,TRUE,0.02034093
500,0.549047269,0.078523567,0.13526076,0.55,0.070226049,0.090810382,0.045228228,0.01,0,0.09,TRUE,0.02140956
501,0.549658761,0.072953233,0.112042789,0.55,0.073182414,0.066382941,0.045661698,0.01,0,0.09,TRUE,0.0222161
502,0.549318351,0.072045812,0.088559469,0.55,0.0787334,0.047100819,0.042000097,0.01,0,0.09,TRUE,0.0179115
503,0.548739272,0.074832182,0.064536788,0.55,0.087059555,0.032336084,0.034467136,0.01,0,0.08,TRUE,0.0153661
504,0.549789385,0.079450349,0.045684211,0.55,0.096062478,0.02564881,0.02602738,0.01,0,0.08,TRUE,0.01015504
505,0.549953395,0.087929042,0.031729088,0.55,0.106169089,0.026602864,0.018946759,0.01,0,0.07,TRUE,0.00941817
506,0.549162192,0.096844979,0.025572795,0.55,0.114949293,0.034975071,0.020417417,0.01,0,0.07,TRUE,0.01118994
507,0.547757805,0.107721849,0.026731814,0.55,0.12305232,0.052003219,0.029642785,0.01,0,0.07,TRUE,0.01742812
508,0.546377029,0.118339323,0.035620267,0.55,0.127962151,0.072829463,0.038603743,0.01,0,0.07,TRUE,0.02153706
509,0.545535661,0.126958382,0.05178411,0.55,0.129962637,0.096258035,0.04479828,0.01,0,0.08,TRUE,0.02267232
510,0.545388641,0.134140471,0.074456316,0.55,0.128727637,0.121610599,0.047687418,0.01,0,0.09,TRUE,0.02166655
511,0.548074141,0.135867843,0.10124524,0.55,0.123983488,0.145054989,0.045433918,0.01,0,0.1,TRUE,0.0222849
512,0.550691638,0.133947384,0.125133668,0.55,0.117224625,0.161406041,0.039947642,0.01,0,0.13,TRUE,0.01873817
513,0.556222071,0.12721838,0.146827646,0.55,0.10846835,0.171949942,0.031959467,0.01,0,0.15,TRUE,0.01382378
514,0.555074702,0.115929701,0.161477482,0.55,0.099060179,0.174963188,0.022185528,0.01,0,0.21,TRUE,0.00889313
515,0.550056496,0.106530776,0.17013879,0.55,0.089488288,0.17024528,0.017042914,0.01,0,0.16,TRUE,0.01030287
516,0.548118985,0.098876192,0.166440275,0.55,0.079678811,0.155172982,0.02233897,0.01,0,0.07,TRUE,0.01555177
517,0.548835082,0.093057993,0.163015054,0.55,0.073748749,0.136303568,0.03298041,0.01,0,0.07,TRUE,0.01911688
518,0.550150816,0.0863528,0.150676122,0.55,0.070428288,0.112627814,0.041246655,0.01,0,0.08,TRUE,0.0218287
519,0.548591201,0.077911292,0.133085387,0.55,0.070370597,0.088247745,0.04548913,0.01,0,0.09,TRUE,0.02196308
520,0.550070921,0.071571726,0.110177839,0.55,0.073547599,0.06462076,0.045599962,0.01,0,0.09,TRUE,0.02166213
521,0.549259831,0.071183743,0.086140798,0.55,0.079420788,0.045428028,0.041544271,0.01,0,0.09,TRUE,0.01697319
522,0.549315645,0.075461486,0.061918778,0.55,0.088170256,0.031077165,0.033364447,0.01,0,0.09,TRUE,0.01311474
523,0.550792685,0.081964759,0.042603653,0.55,0.098185226,0.025137351,0.023849603,0.01,0,0.08,TRUE,0.00886219
524,0.549459287,0.091053784,0.030370754,0.55,0.108594629,0.028143704,0.017689922,0.01,0,0.07,TRUE,0.00885829
525,0.548232895,0.100226845,0.025835719,0.55,0.117830147,0.039683862,0.022467087,0.01,0,0.07,TRUE,0.01450131
526,0.546078163,0.110264762,0.027950488,0.55,0.124413728,0.05641317,0.032026526,0.01,0,0.07,TRUE,0.01912979
527,0.545732818,0.120796222,0.038119625,0.55,0.128612168,0.077452296,0.040328116,0.01,0,0.07,TRUE,0.02255887
528,0.546759456,0.129193593,0.055134959,0.55,0.129998665,0.1007075,0.045694701,0.01,0,0.08,TRUE,0.02201673
529,0.547321475,0.134606073,0.079345535,0.55,0.128097338,0.126284451,0.04746367,0.01,0,0.09,TRUE,0.02409975
530,0.547370685,0.135414863,0.103473523,0.55,0.123452314,0.14676998,0.044995545,0.01,0,0.11,TRUE,0.02125908
531,0.551090755,0.133887453,0.128280345,0.55,0.116169569,0.163173622,0.039149125,0.01,0,0.13,TRUE,0.01819642
532,0.554717423,0.127788787,0.149988433,0.55,0.107185763,0.172816757,0.031110626,0.01,0,0.16,TRUE,0.01320238
533,0.554268127,0.115894384,0.163858752,0.55,0.097770069,0.174792522,0.021592939,0.01,0,0.21,TRUE,0.0088274
534,0.548496521,0.105212714,0.17029034,0.55,0.088341665,0.169105139,0.016979324,0.01,0,0.13,TRUE,0.01120837
535,0.548216676,0.098966392,0.166012826,0.55,0.079610031,0.155014156,0.022334271,0.01,0,0.07,TRUE,0.01582666
536,0.549295902,0.094537586,0.160225242,0.55,0.073202022,0.133714648,0.034036945,0.01,0,0.07,TRUE,0.02104199
537,0.549947574,0.08757252,0.149085117,0.55,0.070332998,0.111143654,0.041674434,0.01,0,0.09,TRUE,0.02067249
538,0.548314572,0.077776188,0.130355895,0.55,0.070586621,0.085240869,0.045715381,0.01,0,0.09,TRUE,0.02250705
539,0.548933694,0.073051288,0.10758714,0.55,0.074046059,0.0623841,0.045226557,0.01,0,0.09,TRUE,0.01952303
540,0.550940639,0.072488285,0.081822139,0.55,0.080777195,0.042419418,0.040276113,0.01,0,0.09,TRUE,0.01710424
541,0.549675808,0.076400838,0.05895113,0.55,0.089505926,0.029738239,0.032019391,0.01,0,0.09,TRUE,0.01231496
542,0.548833179,0.082933282,0.040087018,0.55,0.099761597,0.025002368,0.022629633,0.01,0,0.08,TRUE,0.00847904
543,0.549203644,0.091809772,0.027835821,0.55,0.110343654,0.029598969,0.018634582,0.01,0,0.07,TRUE,0.00990592
544,0.548385528,0.10194139,0.02460671,0.55,0.119103104,0.042170972,0.024609637,0.01,0,0.08,TRUE,0.01417388
545,0.54713211,0.112485033,0.029969524,0.55,0.125641417,0.061067547,0.033888084,0.01,0,0.08,TRUE,0.01737342
546,0.546944604,0.123751772,0.044069624,0.55,0.129478444,0.086075793,0.042504687,0.01,0,0.08,TRUE,0.02265897
547,0.547030432,0.130586795,0.06363961,0.55,0.12972412,0.110147877,0.046610958,0.01,0,0.08,TRUE,0.02340344
548,0.54674017,0.134880498,0.087553491,0.55,0.126797701,0.133716022,0.046978052,0.01,0,0.1,TRUE,0.02174248
549,0.548301092,0.134962631,0.113636604,0.55,0.120774476,0.154107598,0.042919592,0.01,0,0.12,TRUE,0.02035476
550,0.552733178,0.131892402,0.137277931,0.55,0.112805757,0.16782388,0.036122365,0.01,0,0.16,TRUE,0.01696331
551,0.55595634,0.1236912,0.156257415,0.55,0.103646721,0.174443831,0.0277129,0.01,0,0.16,TRUE,0.01094975
552,0.552988218,0.11097123,0.166872895,0.55,0.094066718,0.173518542,0.018408058,0.01,0,0.2,TRUE,0.00884082
553,0.547678406,0.10145082,0.169247095,0.55,0.084595774,0.164357878,0.017702735,0.01,0,0.08,TRUE,0.01260666
554,0.546093766,0.096555035,0.165161104,0.55,0.076253533,0.145832938,0.028301725,0.01,0,0.06,TRUE,0.01753944
555,0.54852705,0.08920564,0.157567727,0.55,0.071593958,0.124121666,0.037828296,0.01,0,0.08,TRUE,0.0195755
556,0.550474543,0.081917592,0.140746878,0.55,0.070009161,0.098146646,0.044235909,0.01,0,0.09,TRUE,0.02231606
557,0.547771024,0.075898049,0.11955597,0.55,0.071892981,0.07378032,0.046004555,0.01,0,0.09,TRUE,0.02267514
558,0.547007642,0.070927224,0.096236392,0.55,0.076649574,0.052912475,0.043802525,0.01,0,0.1,TRUE,0.01844942
559,0.549809986,0.075472245,0.071323311,0.55,0.084510499,0.035770171,0.036684491,0.01,0,0.1,TRUE,0.01493919
560,0.549621865,0.08170103,0.050437937,0.55,0.094163041,0.026433282,0.027049366,0.01,0,0.09,TRUE,0.01080208
561,0.549121997,0.086841686,0.034327067,0.55,0.104257805,0.025759214,0.019429365,0.01,0,0.07,TRUE,0.00879142
562,0.547722133,0.095780676,0.026247676,0.55,0.113898402,0.033534105,0.019660436,0.01,0,0.07,TRUE,0.01108381
563,0.54713294,0.106047088,0.026254837,0.55,0.122084931,0.049239792,0.028173403,0.01,0,0.07,TRUE,0.01624897
564,0.547190956,0.116825346,0.034124397,0.55,0.127477203,0.069895671,0.037429092,0.01,0,0.07,TRUE,0.0204197
565,0.545867335,0.125245523,0.050023454,0.55,0.129891113,0.093615751,0.044033496,0.01,0,0.07,TRUE,0.0238325
566,0.545162324,0.132433223,0.070418277,0.55,0.129180514,0.117410051,0.047351981,0.01,0,0.09,TRUE,0.02300553
567,0.54672378,0.136565312,0.095869732,0.55,0.125174245,0.140793487,0.0464611,0.01,0,0.1,TRUE,0.02271448
568,0.549060482,0.135660786,0.120666459,0.55,0.11871411,0.158618582,0.041574465,0.01,0,0.13,TRUE,0.01961668
569,0.555888703,0.129430901,0.143279491,0.55,0.110215904,0.17051752,0.033849714,0.01,0,0.17,TRUE,0.01533461
570,0.555508445,0.120385098,0.160448027,0.55,0.100864549,0.17496885,0.024944922,0.01,0,0.18,TRUE,0.00983832
571,0.549885204,0.109557212,0.170362666,0.55,0.091386554,0.171842212,0.018231156,0.01,0,0.16,TRUE,0.00909925
572,0.547972623,0.099555081,0.168383713,0.55,0.08157929,0.159196571,0.020288984,0.01,0,0.07,TRUE,0.01422907
573,0.549095039,0.095044334,0.163706579,0.55,0.074722962,0.140394257,0.030939319,0.01,0,0.08,TRUE,0.01842995
574,0.549732067,0.089262168,0.151716927,0.55,0.070671128,0.115775227,0.040466089,0.01,0,0.08,TRUE,0.0223107
575,0.547478253,0.079402123,0.136151145,0.55,0.07016944,0.092040066,0.045137445,0.01,0,0.09,TRUE,0.02198067
576,0.548780028,0.070226658,0.113986778,0.55,0.072870706,0.067984241,0.046094607,0.01,0,0.09,TRUE,0.02135032
577,0.551125424,0.07197339,0.089285984,0.55,0.078524707,0.047630413,0.042182614,0.01,0,0.09,TRUE,0.01808651
578,0.550580669,0.075728538,0.065490039,0.55,0.086758039,0.032701668,0.034598617,0.01,0,0.09,TRUE,0.01365385
579,0.549649657,0.080166325,0.044653835,0.55,0.096723567,0.025448634,0.02535951,0.01,0,0.08,TRUE,0.00903598
580,0.549713704,0.089869604,0.03132997,0.55,0.107383767,0.027307154,0.017972505,0.01,0,0.07,TRUE,0.00825795
581,0.548859669,0.099298612,0.026072807,0.55,0.117006295,0.038214791,0.021500934,0.01,0,0.08,TRUE,0.01261385
582,0.547249584,0.109529,0.0284355,0.55,0.124295317,0.056001595,0.03139265,0.01,0,0.08,TRUE,0.01767055
583,0.547096619,0.120709116,0.038944109,0.55,0.128725101,0.078368345,0.040335543,0.01,0,0.08,TRUE,0.02057835
584,0.546059495,0.130013817,0.058211957,0.55,0.129951369,0.104268689,0.046225037,0.01,0,0.08,TRUE,0.02263631
585,0.54660952,0.134402561,0.08233483,0.55,0.127663789,0.129016674,0.047287429,0.01,0,0.08,TRUE,0.02323103
586,0.547298236,0.135361051,0.107265043,0.55,0.122503536,0.149597811,0.044324694,0.01,0,0.11,TRUE,0.02018019
587,0.550853019,0.131083082,0.131352163,0.55,0.11493093,0.165051293,0.037379821,0.01,0,0.14,TRUE,0.01749657
588,0.554737548,0.125504025,0.151940405,0.55,0.105967385,0.173501289,0.029478744,0.01,0,0.17,TRUE,0.01256608
589,0.553079444,0.115497086,0.165911287,0.55,0.096539014,0.174499227,0.021039111,0.01,0,0.17,TRUE,0.00874082
590,0.549882174,0.103812431,0.16965304,0.55,0.087339219,0.167993778,0.016556985,0.01,0,0.11,TRUE,0.01202713
591,0.548649821,0.099004912,0.165397518,0.55,0.079288744,0.154258864,0.022685234,0.01,0,0.07,TRUE,0.01646146
592,0.547528802,0.09421229,0.160751994,0.55,0.073295549,0.134175311,0.03391072,0.01,0,0.07,TRUE,0.02054716
593,0.548774368,0.087542212,0.148930514,0.55,0.070319574,0.110917962,0.041750156,0.01,0,0.09,TRUE,0.02035016
594,0.549116585,0.076697611,0.130222601,0.55,0.070615476,0.084885908,0.045751377,0.01,0,0.1,TRUE,0.02165001
595,0.548982687,0.072143488,0.10645795,0.55,0.074286635,0.061365265,0.045155047,0.01,0,0.09,TRUE,0.02020014
596,0.550322467,0.073920124,0.081559505,0.55,0.080907658,0.042148765,0.040026692,0.01,0,0.09,TRUE,0.01671342
597,0.550535679,0.077475142,0.05849714,0.55,0.089824113,0.029446327,0.031571091,0.01,0,0.09,TRUE,0.01223769
598,0.549727724,0.083582864,0.039969331,0.55,0.100012573,0.025000007,0.022228139,0.01,0,0.08,TRUE,0.00869551
599,0.549848965,0.092156659,0.028724753,0.55,0.110151434,0.029424315,0.018009002,0.01,0,0.07,TRUE,0.00853485
600,0.54864197,0.102171383,0.026719083,0.55,0.119575064,0.043165983,0.023984013,0.01,0,0.07,TRUE,0.01403044
601,0.547336096,0.112613836,0.031279097,0.55,0.126024833,0.062691481,0.034259146,0.01,0,0.08,TRUE,0.01824335
602,0.546875072,0.12271249,0.045025606,0.55,0.129523278,0.086682699,0.042325706,0.01,0,0.08,TRUE,0.02095439
603,0.546931031,0.129948119,0.065958617,0.55,0.129585704,0.112421282,0.046565321,0.01,0,0.08,TRUE,0.02323119
604,0.54736459,0.134475581,0.089863975,0.55,0.126382545,0.135703755,0.046623257,0.01,0,0.09,TRUE,0.0231163
605,0.548599792,0.13461008,0.114146615,0.55,0.120622101,0.154470688,0.042704274,0.01,0,0.12,TRUE,0.0198027
606,0.551856952,0.131979461,0.138355204,0.55,0.112404469,0.168288412,0.035813762,0.01,0,0.14,TRUE,0.01666505
607,0.555758548,0.123044486,0.156827481,0.55,0.103244236,0.174560166,0.027196671,0.01,0,0.17,TRUE,0.01004446
608,0.551225748,0.110629622,0.16786354,0.55,0.093332461,0.173124206,0.018120951,0.01,0,0.18,TRUE,0.00899466
609,0.548326879,0.101602957,0.170009153,0.55,0.084571958,0.164322212,0.018033179,0.01,0,0.08,TRUE,0.01192786
610,0.547569812,0.096178508,0.165609123,0.55,0.076220692,0.145726394,0.028276194,0.01,0,0.07,TRUE,0.01695438
611,0.549484296,0.090011655,0.155574962,0.55,0.071303431,0.121867058,0.038554979,0.01,0,0.08,TRUE,0.02063066
612,0.551172563,0.082737474,0.13899925,0.55,0.070036192,0.096317074,0.044547341,0.01,0,0.09,TRUE,0.02321912
